{
    "variants": {
        "age=0": { "model": "bionisation3:yarrow_stage0" },
        "age=1": { "model": "bionisation3:yarrow_stage0" },
        "age=2": { "model": "bionisation3:yarrow_stage1" },
        "age=3": { "model": "bionisation3:yarrow_stage1" },
        "age=4": { "model": "bionisation3:yarrow_stage2" },
        "age=5": { "model": "bionisation3:yarrow_stage2" },
        "age=6": { "model": "bionisation3:yarrow_stage2" },
        "age=7": { "model": "bionisation3:yarrow_stage3" }
    }
}